date,week,year,month,season,Di.gazel
11/23/1989,1,1,1,spr1,0
11/30/1989,2,1,1,spr1,0
12/7/1989,3,1,2,spr1,0
12/14/1989,4,1,2,spr1,0
12/21/1989,5,1,2,spr1,0
12/28/1989,6,1,2,sum1,0
1/4/1990,7,1,3,sum1,0
1/11/1990,8,1,3,sum1,0
1/18/1990,9,1,3,sum1,0
1/26/1990,10,1,3,sum1,0
2/1/1990,11,1,4,sum1,0
2/8/1990,12,1,4,sum1,0
2/15/1990,13,1,4,sum1,0
2/22/1990,14,1,4,sum1,0
3/1/1990,15,1,5,sum1,0
3/8/1990,16,1,5,sum1,0
3/15/1990,17,1,5,sum1,0
3/22/1990,18,1,5,aut1,0
3/29/1990,19,1,5,aut1,0
4/5/1990,20,1,6,aut1,0
4/12/1990,21,1,6,aut1,0
4/19/1990,22,1,6,aut1,0
4/26/1990,23,1,6,aut1,0
5/3/1990,24,1,7,aut1,0
5/10/1990,25,1,7,aut1,0
5/17/1990,26,1,7,aut1,0
5/24/1990,27,1,7,aut1,0
5/31/1990,28,1,7,aut1,0
6/7/1990,29,1,8,aut1,0
6/14/1990,30,1,8,aut1,0
6/21/1990,31,1,8,aut1,0
6/28/1990,32,1,8,win1,0
7/5/1990,33,1,9,win1,0
7/12/1990,34,1,9,win1,0
7/19/1990,35,1,9,win1,0
7/26/1990,36,1,9,win1,0
8/2/1990,37,1,10,win1,0
8/9/1990,38,1,10,win1,0
8/16/1990,39,1,10,win1,0
8/23/1990,40,1,10,win1,0
8/30/1990,41,1,10,win1,0
9/6/1990,42,1,11,win1,0
9/13/1990,43,1,11,win1,0
9/20/1990,44,1,11,win1,0
9/27/1990,45,1,11,spr2,0
10/4/1990,46,1,12,spr2,0
10/11/1990,47,1,12,spr2,0
10/18/1990,48,1,12,spr2,0
10/25/1990,49,1,12,spr2,0
11/1/1990,50,1,13,spr2,0
11/8/1990,51,1,13,spr2,0
11/15/1990,52,1,13,spr2,0
11/22/1990,53,2,13,spr2,0
11/29/1990,54,2,13,spr2,0
12/6/1990,55,2,14,spr2,0
12/13/1990,56,2,14,spr2,0
12/20/1990,57,2,14,spr2,0
12/27/1990,58,2,14,sum2,0
1/3/1991,59,2,15,sum2,0
1/10/1991,60,2,15,sum2,0
1/17/1991,61,2,15,sum2,0
1/24/1991,62,2,15,sum2,0
1/31/1991,63,2,15,sum2,0
2/7/1991,64,2,16,sum2,0
2/14/1991,65,2,16,sum2,0
2/21/1991,66,2,16,sum2,0
2/28/1991,67,2,16,sum2,0
3/7/1991,68,2,17,sum2,0
3/14/1991,69,2,17,sum2,0
3/21/1991,70,2,17,aut2,0
3/28/1991,71,2,17,aut2,0
4/4/1991,72,2,18,aut2,0
4/11/1991,73,2,18,aut2,0
4/18/1991,74,2,18,aut2,0
4/25/1991,75,2,18,aut2,0
5/2/1991,76,2,19,aut2,0
5/9/1991,77,2,19,aut2,0
5/16/1991,78,2,19,aut2,0
5/23/1991,79,2,19,aut2,0
5/30/1991,80,2,19,aut2,0
6/6/1991,81,2,20,aut2,0
6/13/1991,82,2,20,aut2,0
6/20/1991,83,2,20,aut2,0
6/27/1991,84,2,20,win2,0
7/4/1991,85,2,21,win2,0
7/11/1991,86,2,21,win2,0
7/18/1991,87,2,21,win2,0
7/25/1991,88,2,21,win2,0
8/1/1991,89,2,22,win2,0
8/8/1991,90,2,22,win2,0
8/15/1991,91,2,22,win2,0
8/22/1991,92,2,22,win2,0
8/29/1991,93,2,22,win2,0
9/5/1991,94,2,23,win2,0
9/12/1991,95,2,23,win2,0
9/19/1991,96,2,23,win2,0
9/26/1991,97,2,23,spr3,0
10/3/1991,98,2,24,spr3,0
10/10/1991,99,2,24,spr3,0
10/17/1991,100,2,24,spr3,0
10/24/1991,101,2,24,spr3,0
10/31/1991,102,2,24,spr3,0
11/7/1991,103,2,25,spr3,0
11/14/1991,104,2,25,spr3,0
11/21/1991,105,3,25,spr3,0
11/28/1991,106,3,25,spr3,0
12/5/1991,107,3,26,spr3,0
12/12/1991,108,3,26,spr3,0
12/19/1991,109,3,26,spr3,0
12/26/1991,110,3,26,sum3,0
1/2/1992,111,3,27,sum3,0
1/9/1992,112,3,27,sum3,0
1/16/1992,113,3,27,sum3,0
1/23/1992,114,3,27,sum3,0
1/30/1992,115,3,27,sum3,0
2/6/1992,116,3,28,sum3,0
2/13/1992,117,3,28,sum3,0
2/20/1992,118,3,28,sum3,0
2/27/1992,119,3,28,sum3,0
3/5/1992,120,3,29,sum3,0
3/12/1992,121,3,29,sum3,0
3/19/1992,122,3,29,sum3,0
3/26/1992,123,3,29,aut3,0
4/2/1992,124,3,30,aut3,0
4/9/1992,125,3,30,aut3,0
4/16/1992,126,3,30,aut3,0
4/23/1992,127,3,30,aut3,0
4/30/1992,128,3,30,aut3,0
5/7/1992,129,3,31,aut3,0
5/14/1992,130,3,31,aut3,0
5/21/1992,131,3,31,aut3,0
5/28/1992,132,3,31,aut3,0
6/4/1992,133,3,32,aut3,0
6/11/1992,134,3,32,aut3,0
6/18/1992,135,3,32,aut3,0
6/25/1992,136,3,32,win3,0
7/2/1992,137,3,33,win3,0
7/9/1992,138,3,33,win3,0
7/16/1992,139,3,33,win3,0
7/23/1992,140,3,33,win3,0
7/30/1992,141,3,33,win3,0
8/6/1992,142,3,34,win3,0
8/13/1992,143,3,34,win3,0
8/20/1992,144,3,34,win3,0
8/27/1992,145,3,34,win3,0
9/3/1992,146,3,35,win3,0
9/10/1992,147,3,35,win3,0
9/17/1992,148,3,35,win3,0
9/24/1992,149,3,35,spr4,0
10/1/1992,150,3,36,spr4,0
10/8/1992,151,3,36,spr4,0
10/15/1992,152,3,36,spr4,0
10/22/1992,153,3,36,spr4,0
10/29/1992,154,3,36,spr4,0
11/5/1992,155,3,37,spr4,0
11/12/1992,156,3,37,spr4,0
11/19/1992,157,4,37,spr4,0
11/26/1992,158,4,37,spr4,0
12/6/1992,159,4,38,spr4,0
12/13/1992,160,4,38,spr4,0
12/20/1992,161,4,38,spr4,0
12/27/1992,162,4,38,sum4,0
1/3/1993,163,4,39,sum4,0
1/10/1993,164,4,39,sum4,0
1/17/1993,165,4,39,sum4,0
1/24/1993,166,4,39,sum4,0
1/31/1993,167,4,39,sum4,0
2/7/1993,168,4,40,sum4,0
2/14/1993,169,4,40,sum4,0
2/21/1993,170,4,40,sum4,0
2/28/1993,171,4,40,sum4,0
3/7/1993,172,4,41,sum4,0
3/14/1993,173,4,41,sum4,0
3/21/1993,174,4,41,aut4,0
3/28/1993,175,4,41,aut4,0
4/4/1993,176,4,42,aut4,0
4/11/1993,177,4,42,aut4,0
4/18/1993,178,4,42,aut4,0
4/25/1993,179,4,42,aut4,0
5/2/1993,180,4,43,aut4,0
5/9/1993,181,4,43,aut4,0
5/16/1993,182,4,43,aut4,0
5/23/1993,183,4,43,aut4,0
5/30/1993,184,4,43,aut4,0
6/6/1993,185,4,44,aut4,0
6/13/1993,186,4,44,aut4,0
6/20/1993,187,4,44,aut4,0
6/27/1993,188,4,44,win4,0
7/4/1993,189,4,45,win4,0
7/11/1993,190,4,45,win4,0
7/18/1993,191,4,45,win4,0
7/25/1993,192,4,45,win4,0
8/1/1993,193,4,46,win4,0
8/8/1993,194,4,46,win4,0
8/15/1993,195,4,46,win4,0
8/22/1993,196,4,46,win4,0
8/29/1993,197,4,46,win4,0
9/5/1993,198,4,47,win4,0
9/12/1993,199,4,47,win4,0
9/19/1993,200,4,47,win4,6
9/26/1993,201,4,47,spr5,7
10/3/1993,202,4,48,spr5,1
10/10/1993,203,4,48,spr5,8
10/17/1993,204,4,48,spr5,1
10/24/1993,205,4,48,spr5,19
10/31/1993,206,4,48,spr5,12
11/7/1993,207,4,49,spr5,6
11/14/1993,208,4,49,spr5,8
11/21/1993,209,5,49,spr5,24
11/28/1993,210,5,49,spr5,79
12/5/1993,211,5,50,spr5,0
12/12/1993,212,5,50,spr5,10
12/19/1993,213,5,50,spr5,11
12/25/1993,214,5,50,sum5,3
1/1/1994,215,5,51,sum5,333
1/8/1994,216,5,51,sum5,0
1/15/1994,217,5,51,sum5,45
1/22/1994,218,5,51,sum5,3319
1/29/1994,219,5,51,sum5,5388
2/5/1994,220,5,52,sum5,823
2/12/1994,221,5,52,sum5,2107
2/19/1994,222,5,52,sum5,7712
2/26/1994,223,5,52,sum5,1035
3/5/1994,224,5,53,sum5,1149
3/12/1994,225,5,53,sum5,1931
3/19/1994,226,5,53,sum5,384
3/26/1994,227,5,53,aut5,1010
4/2/1994,228,5,54,aut5,431
4/9/1994,229,5,54,aut5,8
4/16/1994,230,5,54,aut5,29
4/23/1994,231,5,54,aut5,416
4/30/1994,232,5,54,aut5,36
5/7/1994,233,5,55,aut5,25
5/14/1994,234,5,55,aut5,16
5/21/1994,235,5,55,aut5,5
5/28/1994,236,5,55,aut5,6
6/4/1994,237,5,56,aut5,9
6/11/1994,238,5,56,aut5,1
6/18/1994,239,5,56,aut5,10
6/25/1994,240,5,56,win5,23
7/2/1994,241,5,57,win5,12
7/9/1994,242,5,57,win5,0
7/16/1994,243,5,57,win5,1
7/23/1994,244,5,57,win5,16
7/30/1994,245,5,57,win5,2
8/6/1994,246,5,58,win5,19
8/13/1994,247,5,58,win5,1
8/20/1994,248,5,58,win5,1
8/25/1994,249,5,58,win5,0
9/1/1994,250,5,59,win5,0
9/8/1994,251,5,59,win5,2
9/15/1994,252,5,59,win5,1
9/22/1994,253,5,59,spr6,47
9/29/1994,254,5,59,spr6,110
10/6/1994,255,5,60,spr6,3622
10/13/1994,256,5,60,spr6,698
10/20/1994,257,5,60,spr6,1233
10/27/1994,258,5,60,spr6,8040
11/3/1994,259,5,61,spr6,3464
11/10/1994,260,5,61,spr6,600
11/17/1994,261,5,61,spr6,2602
11/24/1994,262,6,61,spr6,0
12/1/1994,263,6,62,spr6,6187
12/8/1994,264,6,62,spr6,5808
12/15/1994,265,6,62,spr6,3043
12/22/1994,266,6,62,sum6,932
12/29/1994,267,6,62,sum6,2402
1/5/1995,268,6,63,sum6,4492
1/12/1995,269,6,63,sum6,7768
1/19/1995,270,6,63,sum6,923
1/26/1995,271,6,63,sum6,3047
2/2/1995,272,6,64,sum6,4472
2/9/1995,273,6,64,sum6,4914
2/16/1995,274,6,64,sum6,12675
2/23/1995,275,6,64,sum6,3185
3/3/1995,276,6,65,sum6,3697
3/9/1995,277,6,65,sum6,2197
3/16/1995,278,6,65,sum6,4566
3/23/1995,279,6,65,aut6,12038
3/30/1995,280,6,65,aut6,3557
4/7/1995,281,6,66,aut6,717
4/13/1995,282,6,66,aut6,0
4/20/1995,283,6,66,aut6,678
4/27/1995,284,6,66,aut6,0
5/4/1995,285,6,67,aut6,576
5/11/1995,286,6,67,aut6,14
5/18/1995,287,6,67,aut6,72
5/25/1995,288,6,67,aut6,49
6/1/1995,289,6,68,aut6,143
6/8/1995,290,6,68,aut6,35
6/15/1995,291,6,68,aut6,47
6/22/1995,292,6,68,win6,75
6/29/1995,293,6,68,win6,96
7/6/1995,294,6,69,win6,32
7/13/1995,295,6,69,win6,67
7/20/1995,296,6,69,win6,33
7/27/1995,297,6,69,win6,14
8/3/1995,298,6,70,win6,36
8/10/1995,299,6,70,win6,30
8/17/1995,300,6,70,win6,13
8/24/1995,301,6,70,win6,22
8/31/1995,302,6,70,win6,15
9/7/1995,303,6,71,win6,12
9/14/1995,304,6,71,win6,7
9/21/1995,305,6,71,spr7,3
9/28/1995,306,6,71,spr7,23372
10/5/1995,307,6,72,spr7,35428
10/12/1995,308,6,72,spr7,13646
10/19/1995,309,6,72,spr7,1008
10/26/1995,310,6,72,spr7,2307
11/2/1995,311,6,73,spr7,7687
11/9/1995,312,6,73,spr7,712
11/16/1995,313,6,73,spr7,4072
11/23/1995,314,7,73,sum7,2756
11/30/1995,315,7,73,sum7,1202
12/7/1995,316,7,74,sum7,4191
12/14/1995,317,7,74,sum7,1073
12/22/1995,318,7,74,sum7,1364
12/29/1995,319,7,74,sum7,3237
1/4/1996,320,7,75,sum7,4154
1/11/1996,321,7,75,sum7,5581
1/18/1996,322,7,75,sum7,2794
1/25/1996,323,7,75,sum7,3058
2/1/1996,324,7,76,sum7,16706
2/8/1996,325,7,76,sum7,19337
2/15/1996,326,7,76,sum7,0
2/22/1996,327,7,76,sum7,0
2/29/1996,328,7,76,sum7,0
3/8/1996,329,7,77,sum7,0
3/14/1996,330,7,77,sum7,0
3/21/1996,331,7,77,aut7,0
3/28/1996,332,7,77,aut7,0
4/5/1996,333,7,78,aut7,0
4/11/1996,334,7,78,aut7,0
4/18/1996,335,7,78,aut7,0
4/25/1996,336,7,78,aut7,0
5/3/1996,337,7,79,aut7,0
5/16/1996,338,7,79,aut7,0
5/23/1996,339,7,79,aut7,0
5/30/1996,340,7,79,aut7,0
6/6/1996,341,7,80,aut7,0
6/13/1996,342,7,80,aut7,0
6/20/1996,343,7,80,aut7,0
6/27/1996,344,7,80,win7,0
7/4/1996,345,7,81,win7,0
7/11/1996,346,7,81,win7,0
7/18/1996,347,7,81,win7,0
7/25/1996,348,7,81,win7,0
8/2/1996,349,7,82,win7,0
8/9/1996,350,7,82,win7,37
8/16/1996,351,7,82,win7,16
8/22/1996,352,7,82,win7,5
8/29/1996,353,7,82,win7,0
9/4/1996,354,7,83,win7,0
9/13/1996,355,7,83,win7,30
9/20/1996,356,7,83,win7,1339
9/27/1996,357,7,83,spr8,1793
10/3/1996,358,7,84,spr8,626
10/10/1996,359,7,84,spr8,531
10/17/1996,360,7,84,spr8,275
10/24/1996,361,7,84,spr8,6850
10/31/1996,362,7,84,spr8,4619
11/8/1996,363,7,85,spr8,1426
11/14/1996,364,7,85,spr8,558
11/21/1996,365,8,85,spr8,157
11/28/1996,366,8,85,spr8,778
12/5/1996,367,8,86,spr8,1405
12/12/1996,368,8,86,spr8,1297
12/18/1996,369,8,86,spr8,1208
12/26/1996,370,8,86,sum8,367
1/2/1997,371,8,87,sum8,678
1/9/1997,372,8,87,sum8,3569
1/16/1997,373,8,87,sum8,830
1/23/1997,374,8,87,sum8,1053
1/30/1997,375,8,87,sum8,1526
2/13/1997,376,8,88,sum8,1514
2/20/1997,377,8,88,sum8,3771
2/27/1997,378,8,88,sum8,1548
3/6/1997,379,8,89,sum8,1649
3/12/1997,380,8,89,sum8,1415
3/20/1997,381,8,89,sum8,4180
3/27/1997,382,8,89,aut8,753
4/3/1997,383,8,90,aut8,605
4/10/1997,384,8,90,aut8,230
4/17/1997,385,8,90,aut8,43
4/24/1997,386,8,90,aut8,0
5/1/1997,387,8,91,aut8,0
5/8/1997,388,8,91,aut8,0
5/14/1997,389,8,91,aut8,46
5/23/1997,390,8,91,aut8,202
6/5/1997,391,8,92,aut8,109
6/12/1997,392,8,92,aut8,0
6/19/1997,393,8,92,aut8,68
6/26/1997,394,8,92,win8,25
7/3/1997,395,8,93,win8,43
7/10/1997,396,8,93,win8,0
7/18/1997,397,8,93,win8,18
7/25/1997,398,8,93,win8,4
8/1/1997,399,8,93,win8,8
8/8/1997,400,8,94,win8,16
8/15/1997,401,8,94,win8,0
8/22/1997,402,8,94,win8,0
8/29/1997,403,8,94,win8,9
9/4/1997,404,8,95,win8,9
9/11/1997,405,8,95,win8,13
9/19/1997,406,8,95,win8,56
9/25/1997,407,8,95,spr9,0
10/2/1997,408,8,96,spr9,206
10/9/1997,409,8,96,spr9,3476
10/16/1997,410,8,96,spr9,0
10/23/1997,411,8,96,spr9,2150
10/30/1997,412,8,96,spr9,832
11/6/1997,413,8,97,spr9,96
11/13/1997,414,8,97,spr9,57
11/20/1997,415,9,97,spr9,2137
11/27/1997,416,9,97,spr9,734
12/3/1997,417,9,98,spr9,1978
12/11/1997,418,9,98,spr9,468
12/18/1997,419,9,98,spr9,129
12/24/1997,420,9,98,sum9,101
12/31/1997,421,9,98,sum9,91
1/8/1998,422,9,99,sum9,1405
1/15/1998,423,9,99,sum9,2136
1/22/1998,424,9,99,sum9,580
1/29/1998,425,9,99,sum9,0
2/6/1998,426,9,100,sum9,4844
2/12/1998,427,9,100,sum9,7423
2/19/1998,428,9,100,sum9,3820
2/26/1998,429,9,100,sum9,6502
3/6/1998,430,9,101,sum9,2843
3/13/1998,431,9,101,sum9,4798
3/19/1998,432,9,101,sum9,1511
3/26/1998,433,9,101,aut9,678
4/2/1998,434,9,102,aut9,1461
4/9/1998,435,9,102,aut9,1954
4/16/1998,436,9,102,aut9,479
4/23/1998,437,9,102,aut9,0
4/30/1998,438,9,102,aut9,4
5/7/1998,439,9,103,aut9,8
5/14/1998,440,9,103,aut9,22
5/21/1998,441,9,103,aut9,18
5/28/1998,442,9,103,aut9,0
6/4/1998,443,9,104,aut9,0
6/11/1998,444,9,104,aut9,0
6/18/1998,445,9,104,aut9,12
6/25/1998,446,9,104,win9,17
7/2/1998,447,9,105,win9,8
7/9/1998,448,9,105,win9,1
7/16/1998,449,9,105,win9,17
7/23/1998,450,9,105,win9,7
7/30/1998,451,9,105,win9,25
8/6/1998,452,9,106,win9,1
8/13/1998,453,9,106,win9,13
8/20/1998,454,9,106,win9,609
8/27/1998,455,9,106,win9,34
9/3/1998,456,9,107,win9,44
9/10/1998,457,9,107,win9,53
9/17/1998,458,9,107,win9,40
9/24/1998,459,9,107,spr10,42
10/1/1998,460,9,108,spr10,726
10/8/1998,461,9,108,spr10,406
10/16/1998,462,9,108,spr10,833
10/22/1998,463,9,108,spr10,153
10/29/1998,464,9,108,spr10,0
11/5/1998,465,9,109,spr10,181
11/12/1998,466,9,109,spr10,243
11/19/1998,467,9,109,spr10,314
11/26/1998,468,10,109,spr10,228
12/3/1998,469,10,110,spr10,77
12/10/1998,470,10,110,spr10,829
12/17/1998,471,10,110,spr10,864
12/24/1998,472,10,110,sum10,18
12/31/1998,473,10,110,sum10,786
1/4/1999,474,10,111,sum10,409
1/7/1999,475,10,111,sum10,193
1/14/1999,476,10,111,sum10,125
1/20/1999,477,10,111,sum10,793
1/21/1999,478,10,112,sum10,941
1/28/1999,479,10,112,sum10,112
2/7/1999,480,10,112,sum10,340
2/14/1999,481,10,112,sum10,334
2/25/1999,482,10,112,sum10,111
3/4/1999,483,10,113,sum10,108
3/11/1999,484,10,113,sum10,152
3/18/1999,485,10,113,sum10,158
3/25/1999,486,10,113,aut10,227
4/1/1999,487,10,114,aut10,98
4/8/1999,488,10,114,aut10,103
4/15/1999,489,10,114,aut10,197
4/23/1999,490,10,114,aut10,717
4/28/1999,491,10,114,aut10,720
4/29/1999,492,10,114,aut10,236
5/6/1999,493,10,115,aut10,224
5/13/1999,494,10,115,aut10,248
5/20/1999,495,10,115,aut10,39
5/27/1999,496,10,115,aut10,21
6/2/1999,497,10,116,aut10,0
6/10/1999,498,10,116,aut10,3
6/17/1999,499,10,116,aut10,9
6/24/1999,500,10,116,win10,13
7/1/1999,501,10,117,win10,19
7/8/1999,502,10,117,win10,0
7/15/1999,503,10,117,win10,8
7/22/1999,504,10,117,win10,7
7/29/1999,505,10,117,win10,18
8/5/1999,506,10,118,win10,1
8/12/1999,507,10,118,win10,0
8/19/1999,508,10,118,win10,1
8/26/1999,509,10,118,win10,4
9/2/1999,510,10,119,win10,3
9/9/1999,511,10,119,win10,11
9/16/1999,512,10,119,win10,602
9/23/1999,513,10,119,spr11,475
9/30/1999,514,10,119,spr11,921
10/7/1999,515,10,120,spr11,198
10/14/1999,516,10,120,spr11,679
10/21/1999,517,10,120,spr11,1099
10/28/1999,518,10,120,spr11,59
11/4/1999,519,10,121,spr11,0
11/11/1999,520,10,121,spr11,367
11/18/1999,521,10,121,spr11,506
11/25/1999,522,11,121,spr11,24
12/2/1999,523,11,122,spr11,70
12/9/1999,524,11,122,spr11,791
12/16/1999,525,11,122,spr11,1569
12/23/1999,526,11,122,sum11,19
12/30/1999,527,11,122,sum11,0
1/6/2000,528,11,123,sum11,29
1/13/2000,529,11,123,sum11,335
1/20/2000,530,11,123,sum11,169
1/27/2000,531,11,123,sum11,276
2/3/2000,532,11,124,sum11,1013
2/10/2000,533,11,124,sum11,644
2/17/2000,534,11,124,sum11,2238
2/24/2000,535,11,124,sum11,394
3/2/2000,536,11,125,sum11,0
3/9/2000,537,11,125,sum11,725
3/16/2000,538,11,125,sum11,1685
3/23/2000,539,11,125,aut11,1404
3/30/2000,540,11,125,aut11,0
4/6/2000,541,11,126,aut11,330
4/13/2000,542,11,126,aut11,539
4/20/2000,543,11,126,aut11,550
4/27/2000,544,11,126,aut11,142
5/4/2000,545,11,127,aut11,24
5/11/2000,546,11,127,aut11,888
5/18/2000,547,11,127,aut11,53
5/25/2000,548,11,127,aut11,24
6/1/2000,549,11,128,aut11,16
6/8/2000,550,11,128,aut11,8
6/15/2000,551,11,128,aut11,8
6/22/2000,552,11,128,win11,0
6/29/2000,553,11,128,win11,10
7/6/2000,554,11,129,win11,7
7/13/2000,555,11,129,win11,0
7/20/2000,556,11,129,win11,0
7/27/2000,557,11,129,win11,7
8/3/2000,558,11,130,win11,13
8/10/2000,559,11,130,win11,10
8/17/2000,560,11,130,win11,8
8/24/2000,561,11,130,win11,164
8/30/2000,562,11,130,win11,99
9/7/2000,563,11,131,win11,544
9/14/2000,564,11,131,win11,17
9/21/2000,565,11,131,win11,20
9/28/2000,566,11,131,spr12,7
10/5/2000,567,11,132,spr12,55
10/12/2000,568,11,132,spr12,62
10/19/2000,569,11,132,spr12,71
10/26/2000,570,11,132,spr12,183
11/2/2000,571,11,133,spr12,242
11/9/2000,572,11,133,spr12,319
11/16/2000,573,11,133,spr12,897
11/23/2000,574,12,133,spr12,1018
11/30/2000,575,12,133,spr12,169
12/7/2000,576,12,134,spr12,291
12/14/2000,577,12,134,spr12,1141
12/21/2000,578,12,134,spr12,2049
12/28/2000,579,12,134,sum12,0
1/4/2001,580,12,135,sum12,16
1/11/2001,581,12,135,sum12,37
1/18/2001,582,12,135,sum12,32
1/25/2001,583,12,135,sum12,131
2/1/2001,584,12,136,sum12,254
2/8/2001,585,12,136,sum12,162
2/15/2001,586,12,136,sum12,34
2/22/2001,587,12,136,sum12,71
3/1/2001,588,12,137,sum12,1386
3/8/2001,589,12,137,sum12,79
3/15/2001,590,12,137,sum12,355
3/22/2001,591,12,137,aut12,279
3/29/2001,592,12,137,aut12,34
4/5/2001,593,12,138,aut12,0
4/12/2001,594,12,138,aut12,70
4/19/2001,595,12,138,aut12,168
4/26/2001,596,12,138,aut12,142
5/3/2001,597,12,139,aut12,50
5/10/2001,598,12,139,aut12,36
5/17/2001,599,12,139,aut12,4
5/24/2001,600,12,139,aut12,32
5/31/2001,601,12,139,aut12,33
6/7/2001,602,12,140,aut12,10
6/14/2001,603,12,140,aut12,43
6/21/2001,604,12,140,aut12,11
6/28/2001,605,12,140,win12,16
7/5/2001,606,12,141,win12,13
7/12/2001,607,12,141,win12,62
7/19/2001,608,12,141,win12,18
7/26/2001,609,12,141,win12,7
8/2/2001,610,12,142,win12,19
8/9/2001,611,12,142,win12,3
8/16/2001,612,12,142,win12,2
8/23/2001,613,12,142,win12,0
8/30/2001,614,12,142,win12,38
9/5/2001,615,12,143,win12,193
9/13/2001,616,12,143,win12,1
9/20/2001,617,12,143,win12,39
9/27/2001,618,12,143,spr13,60
10/4/2001,619,12,144,spr13,86
10/11/2001,620,12,144,spr13,0
10/18/2001,621,12,144,spr13,1
10/25/2001,622,12,144,spr13,73
11/1/2001,623,12,145,spr13,0
11/8/2001,624,12,145,spr13,451
11/15/2001,625,12,145,spr13,10
11/22/2001,626,13,145,spr13,131
11/29/2001,627,13,145,spr13,100
12/6/2001,628,13,146,spr13,0
12/13/2001,629,13,146,spr13,285
12/20/2001,630,13,146,spr13,134
12/27/2001,631,13,146,sum13,133
1/3/2002,632,13,147,sum13,0
1/10/2002,633,13,147,sum13,31
1/17/2002,634,13,147,sum13,250
1/24/2002,635,13,147,sum13,124
1/31/2002,636,13,147,sum13,505
2/7/2002,637,13,148,sum13,570
2/14/2002,638,13,148,sum13,279
2/21/2002,639,13,148,sum13,81
2/28/2002,640,13,148,sum13,67
3/7/2002,641,13,149,sum13,38
3/14/2002,642,13,149,sum13,13
3/21/2002,643,13,149,sum13,98
3/28/2002,644,13,149,aut13,185
4/4/2002,645,13,150,aut13,104
4/11/2002,646,13,150,aut13,67
4/18/2002,647,13,150,aut13,67
4/25/2002,648,13,150,aut13,129
5/2/2002,649,13,151,aut13,66
5/9/2002,650,13,151,aut13,15
5/16/2002,651,13,151,aut13,1
5/23/2002,652,13,151,aut13,0
5/30/2002,653,13,151,aut13,0
6/6/2002,654,13,152,aut13,0
6/13/2002,655,13,152,aut13,1
6/20/2002,656,13,152,aut13,2
6/27/2002,657,13,152,win13,2
7/4/2002,658,13,153,win13,0
7/11/2002,659,13,153,win13,0
7/14/2002,660,13,153,win13,0
7/25/2002,661,13,153,win13,10
8/1/2002,662,13,154,win13,0
8/8/2002,663,13,154,win13,0
8/15/2002,664,13,154,win13,0
8/22/2002,665,13,154,win13,0
8/29/2002,666,13,154,win13,3
9/5/2002,667,13,155,win13,0
9/12/2002,668,13,155,win13,0
9/19/2002,669,13,155,win13,102
9/26/2002,670,13,155,spr14,1
10/3/2002,671,13,156,spr14,36
10/10/2002,672,13,156,spr14,65
10/17/2002,673,13,156,spr14,35
10/24/2002,674,13,156,spr14,0
10/31/2002,675,13,156,spr14,438
11/7/2002,676,13,157,spr14,344
11/14/2002,677,13,157,spr14,58
11/21/2002,678,14,157,spr14,99
11/28/2002,679,14,157,spr14,2
12/5/2002,680,14,158,spr14,0
12/12/2002,681,14,158,spr14,209
12/19/2002,682,14,158,spr14,15
12/26/2002,683,14,158,sum14,112
1/3/2003,684,14,159,sum14,77
1/9/2003,685,14,159,sum14,259
1/16/2003,686,14,159,sum14,0
1/23/2003,687,14,159,sum14,582
1/30/2003,688,14,159,sum14,391
2/6/2003,689,14,160,sum14,3
2/13/2003,690,14,160,sum14,94
2/20/2003,691,14,160,sum14,0
2/27/2003,692,14,160,sum14,511
3/6/2003,693,14,161,sum14,0
3/13/2003,694,14,161,sum14,240
3/20/2003,695,14,161,sum14,826
3/27/2003,696,14,161,aut14,13
4/3/2003,697,14,162,aut14,585
4/10/2003,698,14,162,aut14,10
4/17/2003,699,14,162,aut14,13
4/24/2003,700,14,162,aut14,22
5/1/2003,701,14,163,aut14,0
5/8/2003,702,14,163,aut14,0
5/15/2003,703,14,163,aut14,0
5/22/2003,704,14,163,aut14,0
5/29/2003,705,14,163,aut14,5
6/5/2003,706,14,164,aut14,0
6/12/2003,707,14,164,aut14,1
6/19/2003,708,14,164,aut14,0
6/26/2003,709,14,164,win14,0
7/3/2003,710,14,165,win14,0
7/10/2003,711,14,165,win14,1
7/17/2003,712,14,165,win14,0
7/24/2003,713,14,165,win14,4
7/31/2003,714,14,165,win14,0
8/7/2003,715,14,166,win14,3
8/14/2003,716,14,166,win14,0
8/21/2003,717,14,166,win14,1
8/29/2003,718,14,166,win14,0
9/4/2003,719,14,167,win14,0
9/11/2003,720,14,167,win14,0
9/18/2003,721,14,167,win14,0
9/26/2003,722,14,167,spr15,0
10/2/2003,723,14,168,spr15,0
10/9/2003,724,14,168,spr15,3
10/16/2003,725,14,168,spr15,3279
10/23/2003,726,14,168,spr15,15
10/30/2003,727,14,168,spr15,9
11/6/2003,728,14,169,spr15,7
11/13/2003,729,14,169,spr15,7
11/20/2003,730,15,169,spr15,18
11/27/2003,731,15,169,spr15,9
12/4/2003,732,15,170,spr15,26
12/11/2003,733,15,170,spr15,6
12/18/2003,734,15,170,spr15,1
12/26/2003,735,15,170,sum15,0
1/1/2004,736,15,171,sum15,4
1/8/2004,737,15,171,sum15,3
1/15/2004,738,15,171,sum15,0
1/22/2004,739,15,171,sum15,1
1/29/2004,740,15,171,sum15,0
2/5/2004,741,15,172,sum15,9
2/12/2004,742,15,172,sum15,124
2/19/2004,743,15,172,sum15,63
2/26/2004,744,15,172,sum15,80
3/4/2004,745,15,173,sum15,50
3/11/2004,746,15,173,sum15,22
3/18/2004,747,15,173,sum15,32
3/25/2004,748,15,173,aut15,27
4/1/2004,749,15,174,aut15,46
4/8/2004,750,15,174,aut15,120
4/15/2004,751,15,174,aut15,25
4/22/2004,752,15,174,aut15,23
4/29/2004,753,15,174,aut15,41
5/6/2004,754,15,175,aut15,45
5/13/2004,755,15,175,aut15,5
5/20/2004,756,15,175,aut15,86
5/27/2004,757,15,175,aut15,0
6/3/2004,758,15,176,aut15,8
6/10/2004,759,15,176,aut15,11
6/17/2004,760,15,176,aut15,0
6/24/2004,761,15,176,win15,0
7/1/2004,762,15,177,win15,3
7/8/2004,763,15,177,win15,1
7/15/2004,764,15,177,win15,2
7/22/2004,765,15,177,win15,0
7/29/2004,766,15,177,win15,0
8/5/2004,767,15,178,win15,3
8/12/2004,768,15,178,win15,2
8/19/2004,769,15,178,win15,1
8/26/2004,770,15,178,win15,0
9/2/2004,771,15,179,win15,2
9/9/2004,772,15,179,win15,0
9/16/2004,773,15,179,win15,0
9/23/2004,774,15,179,spr16,1
9/30/2004,775,15,179,spr16,30
10/7/2004,776,15,180,spr16,3808
10/14/2004,777,15,180,spr16,3279
10/21/2004,778,15,180,spr16,2394
10/28/2004,779,15,180,spr16,1006
11/4/2004,780,15,181,spr16,182
11/11/2004,781,15,181,spr16,125
11/18/2004,782,15,181,spr16,185
11/25/2004,783,16,181,spr16,187
12/2/2004,784,16,182,spr16,331
12/9/2004,785,16,182,spr16,109
12/16/2004,786,16,182,spr16,42
12/23/2004,787,16,182,sum16,61
12/30/2004,788,16,182,sum16,26
1/6/2005,789,16,183,sum16,25
1/13/2005,790,16,183,sum16,25
1/20/2005,791,16,183,sum16,185
1/27/2005,792,16,183,sum16,11
2/3/2005,793,16,184,sum16,26
2/10/2005,794,16,184,sum16,15
2/17/2005,795,16,184,sum16,14
2/24/2005,796,16,184,sum16,71
3/3/2005,797,16,185,sum16,131
3/10/2005,798,16,185,sum16,103
3/17/2005,799,16,185,sum16,174
3/24/2005,800,16,185,aut16,70
3/31/2005,801,16,185,aut16,0
4/7/2005,802,16,186,aut16,45
4/14/2005,803,16,186,aut16,313
4/21/2005,804,16,186,aut16,445
4/28/2005,805,16,186,aut16,29
5/5/2005,806,16,187,aut16,8
5/12/2005,807,16,187,aut16,1
5/19/2005,808,16,187,aut16,1
5/26/2005,809,16,187,aut16,20
6/2/2005,810,16,188,aut16,136
6/7/2005,811,16,188,aut16,2
6/16/2005,812,16,188,aut16,0
6/23/2005,813,16,188,win16,8
6/30/2005,814,16,188,win16,10
7/6/2005,815,16,189,win16,0
7/13/2005,816,16,189,win16,0
7/20/2005,817,16,189,win16,0
7/27/2005,818,16,189,win16,1
8/3/2005,819,16,190,win16,0
8/10/2005,820,16,190,win16,0
8/17/2005,821,16,190,win16,3
8/24/2005,822,16,190,win16,12
8/31/2005,823,16,190,win16,0
9/7/2005,824,16,191,win16,477
9/14/2005,825,16,191,win16,215
9/21/2005,826,16,191,win16,7
9/28/2005,827,16,191,spr17,31
10/5/2005,828,16,192,spr17,105
10/12/2005,829,16,192,spr17,8
10/19/2005,830,16,192,spr17,32
10/26/2005,831,16,192,spr17,141
11/2/2005,832,16,193,spr17,37
11/9/2005,833,16,193,spr17,25
11/16/2005,834,16,193,spr17,11
11/23/2005,835,17,193,spr17,771
11/30/2005,836,17,193,spr17,0
12/7/2005,837,17,194,spr17,1093
12/14/2005,838,17,194,spr17,97
12/21/2005,839,17,194,spr17,15
12/28/2005,840,17,194,sum17,29
1/4/2006,841,17,195,sum17,14
1/11/2006,842,17,195,sum17,103
1/18/2006,843,17,195,sum17,13
1/25/2006,844,17,195,sum17,23
2/1/2006,845,17,196,sum17,37
2/8/2006,846,17,196,sum17,25
2/15/2006,847,17,196,sum17,34
2/22/2006,848,17,196,sum17,300
3/1/2006,849,17,197,sum17,98
3/8/2006,850,17,197,sum17,18
3/15/2006,851,17,197,sum17,6
3/22/2006,852,17,197,aut17,33
3/29/2006,853,17,197,aut17,37
4/5/2006,854,17,198,aut17,50
4/12/2006,855,17,198,aut17,27
4/19/2006,856,17,198,aut17,13
4/27/2006,857,17,198,aut17,10
5/3/2006,858,17,199,aut17,12
5/10/2006,859,17,199,aut17,8
5/17/2006,860,17,199,aut17,21
5/24/2006,861,17,199,aut17,7
5/31/2006,862,17,199,aut17,9
6/7/2006,863,17,200,aut17,11
6/14/2006,864,17,200,aut17,0
6/21/2006,865,17,200,aut17,2
6/28/2006,866,17,200,win17,0
7/5/2006,867,17,201,win17,2
7/12/2006,868,17,201,win17,13
7/19/2006,869,17,201,win17,7
7/26/2006,870,17,201,win17,3
8/2/2006,871,17,202,win17,0
8/9/2006,872,17,202,win17,15
8/16/2006,873,17,202,win17,10
8/23/2006,874,17,202,win17,0
8/30/2006,875,17,202,win17,11
9/6/2006,876,17,203,win17,2
9/13/2006,877,17,203,win17,54
9/20/2006,878,17,203,win17,149
9/27/2006,879,17,203,spr18,69
10/4/2006,880,17,204,spr18,2
10/11/2006,881,17,204,spr18,70
10/18/2006,882,17,204,spr18,43
10/25/2006,883,17,204,spr18,0
11/1/2006,884,17,205,spr18,68
11/8/2006,885,17,205,spr18,402
11/15/2006,886,17,205,spr18,221
11/22/2006,887,18,205,spr18,14
11/29/2006,888,18,205,spr18,306
12/6/2006,889,18,206,spr18,88
12/13/2006,890,18,206,spr18,65
12/20/2006,891,18,206,spr18,4
12/27/2006,892,18,206,sum18,11
1/4/2007,893,18,207,sum18,21
1/11/2007,894,18,207,sum18,68
1/18/2007,895,18,207,sum18,93
1/25/2007,896,18,207,sum18,92
2/1/2007,897,18,208,sum18,42
2/8/2007,898,18,208,sum18,28
2/15/2007,899,18,208,sum18,47
2/21/2007,900,18,208,sum18,82
3/1/2007,901,18,209,sum18,158
3/8/2007,902,18,209,sum18,97
3/15/2007,903,18,209,sum18,77
3/22/2007,904,18,209,aut18,143
3/29/2007,905,18,209,aut18,267
4/5/2007,906,18,210,aut18,0
4/12/2007,907,18,210,aut18,837
4/19/2007,908,18,210,aut18,347
4/26/2007,909,18,210,aut18,140
5/3/2007,910,18,211,aut18,56
5/10/2007,911,18,211,aut18,1
5/17/2007,912,18,211,aut18,42
5/24/2007,913,18,211,aut18,4
5/31/2007,914,18,211,aut18,0
6/7/2007,915,18,212,aut18,4
6/14/2007,916,18,212,aut18,3
6/21/2007,917,18,212,win18,1
6/28/2007,918,18,212,win18,1
7/5/2007,919,18,213,win18,0
7/12/2007,920,18,213,win18,0
7/19/2007,921,18,213,win18,0
7/26/2007,922,18,213,win18,0
8/1/2007,923,18,214,win18,17
8/9/2007,924,18,214,win18,63
8/15/2007,925,18,214,win18,5
8/23/2007,926,18,214,win18,6
8/30/2007,927,18,214,win18,3
9/6/2007,928,18,215,win18,0
9/12/2007,929,18,215,win18,8
9/19/2007,930,18,215,win18,1
9/27/2007,931,18,215,spr19,9
10/4/2007,932,18,216,spr19,8
10/11/2007,933,18,216,spr19,2
10/18/2007,934,18,216,spr19,7
10/24/2007,935,18,216,spr19,60
11/1/2007,936,18,217,spr19,1493
11/7/2007,937,18,217,spr19,597
11/15/2007,938,18,217,spr19,294
11/21/2007,939,19,217,spr19,35
11/29/2007,940,19,217,spr19,103
12/6/2007,941,19,218,spr19,359
12/12/2007,942,19,218,spr19,743
12/19/2007,943,19,218,spr19,45
12/27/2007,944,19,218,sum19,36
1/3/2008,945,19,219,sum19,89
1/9/2008,946,19,219,sum19,96
1/16/2008,947,19,219,sum19,171
1/25/2008,948,19,219,sum19,36
1/30/2008,949,19,219,sum19,129
2/6/2008,950,19,220,sum19,0
2/13/2008,951,19,220,sum19,16
2/20/2008,952,19,220,sum19,45
2/27/2008,953,19,220,sum19,45
3/6/2008,954,19,221,sum19,112
3/13/2008,955,19,221,sum19,89
3/20/2008,956,19,221,sum19,0
3/27/2008,957,19,221,aut19,92
4/3/2008,958,19,222,aut19,85
4/10/2008,959,19,222,aut19,106
4/17/2008,960,19,222,aut19,95
4/24/2008,961,19,222,aut19,147
5/1/2008,962,19,223,aut19,138
5/8/2008,963,19,223,aut19,32
5/15/2008,964,19,223,aut19,35
5/21/2008,965,19,223,aut19,14
5/29/2008,966,19,223,aut19,26
6/5/2008,967,19,224,aut19,11
6/12/2008,968,19,224,aut19,11
6/19/2008,969,19,224,aut19,8
6/26/2008,970,19,224,win19,8
7/3/2008,971,19,225,win19,14
7/10/2008,972,19,225,win19,0
7/17/2008,973,19,225,win19,0
7/24/2008,974,19,225,win19,5
7/31/2008,975,19,226,win19,1
8/7/2008,976,19,226,win19,0
8/13/2008,977,19,226,win19,40
8/20/2008,978,19,226,win19,7
8/28/2008,979,19,226,win19,6
9/3/2008,980,19,227,win19,2
9/11/2008,981,19,227,win19,0
9/17/2008,982,19,227,win19,5
9/25/2008,983,19,227,spr20,2
10/2/2008,984,19,228,spr20,0
10/9/2008,985,19,228,spr20,89
10/16/2008,986,19,228,spr20,0
10/22/2008,987,19,228,spr20,2
10/30/2008,988,19,228,spr20,2
11/6/2008,989,19,229,spr20,0
11/13/2008,990,19,229,spr20,180
11/20/2008,991,20,229,spr20,2
11/30/2008,992,20,229,spr20,6
12/4/2008,993,20,230,spr20,26
12/11/2008,994,20,230,spr20,143
12/18/2008,995,20,230,spr20,75
12/25/2008,996,20,230,sum20,0
1/1/2009,997,20,231,sum20,44
1/8/2009,998,20,231,sum20,19
1/15/2009,999,20,231,sum20,10
1/22/2009,1000,20,231,sum20,92
1/29/2009,1001,20,231,sum20,16
2/4/2009,1002,20,232,sum20,13
2/12/2009,1003,20,232,sum20,233
2/19/2009,1004,20,232,sum20,39
2/25/2009,1005,20,232,sum20,55
3/5/2009,1006,20,233,sum20,29
3/12/2009,1007,20,233,sum20,119
3/19/2009,1008,20,233,sum20,107
3/26/2009,1009,20,233,aut20,0
4/1/2009,1010,20,234,aut20,63
4/9/2009,1011,20,234,aut20,21
4/16/2009,1012,20,234,aut20,68
4/22/2009,1013,20,234,aut20,42
4/30/2009,1014,20,234,aut20,121
5/7/2009,1015,20,235,aut20,98
5/14/2009,1016,20,235,aut20,17
5/21/2009,1017,20,235,aut20,0
5/28/2009,1018,20,235,aut20,111
6/4/2009,1019,20,236,aut20,1
6/14/2009,1020,20,236,aut20,0
6/24/2009,1021,20,236,win20,23
7/2/2009,1022,20,237,win20,14
7/9/2009,1023,20,237,win20,4
7/15/2009,1024,20,237,win20,2
7/22/2009,1025,20,237,win20,0
7/29/2009,1026,20,238,win20,3
8/6/2009,1027,20,238,win20,0
8/13/2009,1028,20,238,win20,0
8/20/2009,1029,20,238,win20,0
8/27/2009,1030,20,238,win20,0
9/3/2009,1031,20,239,win20,629
9/10/2009,1032,20,239,win20,213
9/17/2009,1033,20,239,win20,87
9/24/2009,1034,20,239,spr21,366
10/2/2009,1035,20,240,spr21,11
10/9/2009,1036,20,240,spr21,23
10/15/2009,1037,20,240,spr21,2
10/22/2009,1038,20,240,spr21,0
10/28/2009,1039,20,240,spr21,108
11/5/2009,1040,20,241,spr21,10
11/12/2009,1041,20,241,spr21,33
11/20/2009,1042,21,241,spr21,24
11/27/2009,1043,21,241,spr21,138
12/2/2009,1044,21,242,spr21,0
12/9/2009,1045,21,242,spr21,0
12/17/2009,1046,21,242,spr21,18
12/24/2009,1047,21,242,sum21,91
12/31/2009,1048,21,242,sum21,422
1/6/2010,1049,21,243,sum21,28
1/13/2010,1050,21,243,sum21,23
1/20/2010,1051,21,243,sum21,35
1/27/2010,1052,21,243,sum21,9
2/4/2010,1053,21,244,sum21,12
2/11/2010,1054,21,244,sum21,0
2/18/2010,1055,21,244,sum21,38
2/25/2010,1056,21,244,sum21,13
3/3/2010,1057,21,245,sum21,67
3/10/2010,1058,21,245,sum21,21
3/18/2010,1059,21,245,sum21,75
3/24/2010,1060,21,245,aut21,51
3/31/2010,1061,21,245,aut21,94
4/7/2010,1062,21,246,aut21,26
4/14/2010,1063,21,246,aut21,52
4/22/2010,1064,21,246,aut21,48
4/29/2010,1065,21,246,aut21,40
5/5/2010,1066,21,247,aut21,76
5/13/2010,1067,21,247,aut21,0
5/20/2010,1068,21,247,aut21,0
5/27/2010,1069,21,247,aut21,0
6/3/2010,1070,21,248,aut21,97
6/10/2010,1071,21,248,aut21,7
6/16/2010,1072,21,248,aut21,4
6/23/2010,1073,21,248,win21,98
7/1/2010,1074,21,249,win21,0
7/8/2010,1075,21,249,win21,3
7/15/2010,1076,21,249,win21,0
7/21/2010,1077,21,249,win21,2
7/29/2010,1078,21,249,win21,4
8/4/2010,1079,21,250,win21,0
8/12/2010,1080,21,250,win21,0
8/19/2010,1081,21,250,win21,0
8/26/2010,1082,21,250,win21,1
9/1/2010,1083,21,251,win21,3
9/8/2010,1084,21,251,win21,0
9/16/2010,1085,21,251,win21,2
9/23/2010,1086,21,251,spr22,103
9/30/2010,1087,21,251,spr22,194
10/7/2010,1088,21,252,spr22,0
10/14/2010,1089,21,252,spr22,420
10/21/2010,1090,21,252,spr22,164
10/27/2010,1091,21,252,spr22,24
11/4/2010,1092,21,253,spr22,0
11/11/2010,1093,21,253,spr22,97
11/18/2010,1094,21,253,spr22,41
11/25/2010,1095,22,253,spr22,0
12/2/2010,1096,22,254,spr22,8
12/9/2010,1097,22,254,spr22,2
12/16/2010,1098,22,254,spr22,28
12/23/2010,1099,22,254,sum22,3
12/30/2010,1100,22,254,sum22,8
1/7/2011,1101,22,255,sum22,6
1/13/2011,1102,22,255,sum22,0
1/20/2011,1103,22,255,sum22,6
1/27/2011,1104,22,255,sum22,0
2/3/2011,1105,22,256,sum22,0
2/10/2011,1106,22,256,sum22,15
2/16/2011,1107,22,256,sum22,15
2/23/2011,1108,22,256,sum22,16
3/3/2011,1109,22,257,sum22,0
3/10/2011,1110,22,257,sum22,0
3/16/2011,1111,22,257,sum22,0
3/24/2011,1112,22,257,aut22,0
3/31/2011,1113,22,257,aut22,14
4/7/2011,1114,22,258,aut22,0
4/14/2011,1115,22,258,aut22,36
4/21/2011,1116,22,258,aut22,40
4/28/2011,1117,22,258,aut22,6
5/5/2011,1118,22,259,aut22,0
5/12/2011,1119,22,259,aut22,0
5/18/2011,1120,22,259,aut22,10
5/26/2011,1121,22,259,aut22,0
6/2/2011,1122,22,260,aut22,1
6/9/2011,1123,22,260,aut22,0
6/16/2011,1124,22,260,aut22,13
6/23/2011,1125,22,260,win22,0
6/30/2011,1126,22,260,win22,3
7/7/2011,1127,22,261,win22,1
7/13/2011,1128,22,261,win22,6
7/20/2011,1129,22,261,win22,0
7/27/2011,1130,22,261,win22,3
8/4/2011,1131,22,262,win22,0
8/10/2011,1132,22,262,win22,3
8/17/2011,1133,22,262,win22,2
8/25/2011,1134,22,262,win22,0
9/1/2011,1135,22,263,win22,1
9/9/2011,1136,22,263,win22,2
9/15/2011,1137,22,263,win22,0
9/22/2011,1138,22,263,spr23,1
9/29/2011,1139,22,263,spr23,2
10/6/2011,1140,22,264,spr23,13
10/13/2011,1141,22,264,spr23,621
10/20/2011,1142,22,264,spr23,271
10/27/2011,1143,22,264,spr23,212
11/3/2011,1144,22,265,spr23,27
11/10/2011,1145,22,265,spr23,26
11/17/2011,1146,22,265,spr23,133
11/24/2011,1147,23,265,spr23,82
12/1/2011,1148,23,266,spr23,24
12/15/2011,1149,23,266,spr23,2
12/22/2011,1150,23,266,sum23,0
12/29/2011,1151,23,266,sum23,1
1/5/2012,1152,23,267,sum23,0
1/13/2012,1153,23,267,sum23,5
1/21/2012,1154,23,267,sum23,7
1/26/2012,1155,23,267,sum23,9
2/2/2012,1156,23,268,sum23,44
2/9/2012,1157,23,268,sum23,1
2/16/2012,1158,23,268,sum23,9
2/23/2012,1159,23,268,sum23,5
3/1/2012,1160,23,269,sum23,17
3/8/2012,1161,23,269,sum23,14
3/15/2012,1162,23,269,sum23,12
3/22/2012,1163,23,269,aut23,0
3/29/2012,1164,23,269,aut23,8
4/5/2012,1165,23,270,aut23,0
4/12/2012,1166,23,270,aut23,53
4/19/2012,1167,23,270,aut23,9
4/26/2012,1168,23,270,aut23,8
5/3/2012,1169,23,271,aut23,10
5/10/2012,1170,23,271,aut23,2
5/17/2012,1171,23,271,aut23,2
5/24/2012,1172,23,271,aut23,0
5/31/2012,1173,23,271,aut23,4
6/7/2012,1174,23,272,aut23,0
6/12/2012,1175,23,272,aut23,0
6/19/2012,1176,23,272,aut23,0
6/26/2012,1177,23,272,win23,2
7/5/2012,1178,23,273,win23,0
7/12/2012,1179,23,273,win23,0
7/20/2012,1180,23,273,win23,0
7/26/2012,1181,23,273,win23,16
8/2/2012,1182,23,274,win23,0
8/9/2012,1183,23,274,win23,2
8/16/2012,1184,23,274,win23,1
8/23/2012,1185,23,274,win23,0
8/30/2012,1186,23,274,win23,0
9/6/2012,1187,23,275,win23,0
9/13/2012,1188,23,275,win23,1
9/20/2012,1189,23,275,win23,2
9/27/2012,1190,23,275,spr24,3
10/4/2012,1191,23,276,spr24,37
10/11/2012,1192,23,276,spr24,22
10/18/2012,1193,23,276,spr24,4
10/25/2012,1194,23,276,spr24,20
11/1/2012,1195,23,277,spr24,11
11/8/2012,1196,23,277,spr24,23
11/15/2012,1197,23,277,spr24,71
11/22/2012,1198,24,277,spr24,11
11/29/2012,1199,24,277,spr24,56
12/6/2012,1200,24,278,spr24,52
12/13/2012,1201,24,278,spr24,2
12/20/2012,1202,24,278,spr24,21
12/27/2012,1203,24,278,sum24,3
1/5/2013,1204,24,279,sum24,19
1/10/2013,1205,24,279,sum24,108
1/17/2013,1206,24,279,sum24,372
1/24/2013,1207,24,279,sum24,84
1/31/2013,1208,24,279,sum24,37
2/7/2013,1209,24,280,sum24,68
2/14/2013,1210,24,280,sum24,75
2/21/2013,1211,24,280,sum24,12
2/28/2013,1212,24,280,sum24,33
3/7/2013,1213,24,281,sum24,55
3/14/2013,1214,24,281,sum24,77
3/21/2013,1215,24,281,aut24,261
3/28/2013,1216,24,281,aut24,85
4/4/2013,1217,24,282,aut24,22
4/11/2013,1218,24,282,aut24,17
4/18/2013,1219,24,282,aut24,43
4/25/2013,1220,24,282,aut24,17
5/3/2013,1221,24,283,aut24,6
5/9/2013,1222,24,283,aut24,1
5/16/2013,1223,24,283,aut24,8
5/23/2013,1224,24,283,aut24,9
5/30/2013,1225,24,283,aut24,2
6/6/2013,1226,24,284,aut24,1
6/13/2013,1227,24,284,aut24,2
6/20/2013,1228,24,284,aut24,0
6/27/2013,1229,24,284,win24,0
7/4/2013,1230,24,285,win24,0
7/11/2013,1231,24,285,win24,1
7/18/2013,1232,24,285,win24,0
7/25/2013,1233,24,285,win24,0
8/1/2013,1234,24,286,win24,0
8/8/2013,1235,24,286,win24,1
8/15/2013,1236,24,286,win24,0
8/22/2013,1237,24,286,win24,1
8/29/2013,1238,24,286,win24,2
9/5/2013,1239,24,287,win24,7
9/12/2013,1240,24,287,win24,9
9/19/2013,1241,24,287,win24,9
9/26/2013,1242,24,287,spr25,0
10/3/2013,1243,24,288,spr25,50
10/10/2013,1244,24,288,spr25,8
10/17/2013,1245,24,288,spr25,4
10/24/2013,1246,24,288,spr25,16
10/31/2013,1247,24,288,spr25,41
11/7/2013,1248,24,289,spr25,4
11/14/2013,1249,24,289,spr25,26
11/21/2013,1250,25,289,spr25,43
11/28/2013,1251,25,289,spr25,105
12/5/2013,1252,25,290,spr25,89
12/12/2013,1253,25,290,spr25,286
12/19/2013,1254,25,290,spr25,14
12/26/2013,1255,25,290,sum25,0
1/2/2014,1256,25,291,sum25,35
1/9/2014,1257,25,291,sum25,13
1/16/2014,1258,25,291,sum25,14
1/23/2014,1259,25,291,sum25,6
1/30/2014,1260,25,291,sum25,3
2/6/2014,1261,25,292,sum25,5
2/13/2014,1262,25,292,sum25,1
2/20/2014,1263,25,292,sum25,303
2/27/2014,1264,25,292,sum25,1
3/6/2014,1265,25,293,sum25,1
3/13/2014,1266,25,293,sum25,3
3/20/2014,1267,25,293,sum25,10
3/27/2014,1268,25,293,aut25,7
4/3/2014,1269,25,294,aut25,6
4/10/2014,1270,25,294,aut25,4
4/17/2014,1271,25,294,aut25,5
4/24/2014,1272,25,294,aut25,6
5/1/2014,1273,25,295,aut25,11
5/8/2014,1274,25,295,aut25,0
5/15/2014,1275,25,295,aut25,2
5/22/2014,1276,25,295,aut25,4
5/29/2014,1277,25,295,aut25,0
6/5/2014,1278,25,296,aut25,7
6/12/2014,1279,25,296,aut25,1
6/19/2014,1280,25,296,aut25,0
6/26/2014,1281,25,296,win25,1
7/3/2014,1282,25,297,win25,1
7/10/2014,1283,25,297,win25,0
7/17/2014,1284,25,297,win25,1
7/24/2014,1285,25,297,win25,0
7/31/2014,1286,25,297,win25,1
8/7/2014,1287,25,298,win25,1
8/14/2014,1288,25,298,win25,1
8/15/2014,1289,25,298,win25,0
8/16/2014,1290,25,298,win25,0
8/21/2014,1291,25,298,win25,0
8/28/2014,1292,25,298,win25,0
9/4/2014,1293,25,299,win25,4
9/11/2014,1294,25,299,win25,4
9/18/2014,1295,25,299,win25,5
9/25/2014,1296,25,299,spr26,23
10/2/2014,1297,25,300,spr26,15
10/9/2014,1298,25,300,spr26,0
10/16/2014,1299,25,300,spr26,13
10/23/2014,1300,25,300,spr26,4
10/30/2014,1301,25,300,spr26,3
11/6/2014,1302,25,301,spr26,41
11/13/2014,1303,25,301,spr26,35
11/20/2014,1304,26,301,spr26,2
11/27/2014,1305,26,301,spr26,277
12/4/2014,1306,26,302,spr26,8
12/11/2014,1307,26,302,spr26,225
12/18/2014,1308,26,302,spr26,45
12/25/2014,1309,26,302,sum26,46
1/1/2015,1310,26,303,sum26,0
1/7/2015,1311,26,303,sum26,17
1/15/2015,1312,26,303,sum26,15
1/22/2015,1313,26,303,sum26,11
1/29/2015,1314,26,303,sum26,47
2/5/2015,1315,26,304,sum26,0
2/12/2015,1316,26,304,sum26,13
2/19/2015,1317,26,304,sum26,2
2/26/2015,1318,26,304,sum26,295
3/5/2015,1319,26,305,sum26,21
3/12/2015,1320,26,305,sum26,12
3/19/2015,1321,26,305,sum26,10
3/26/2015,1322,26,305,aut26,21
4/2/2015,1323,26,306,aut26,22
4/9/2015,1324,26,306,aut26,12
4/16/2015,1325,26,306,aut26,14
4/23/2015,1326,26,306,aut26,55
4/30/2015,1327,26,306,aut26,10
5/7/2015,1328,26,307,aut26,8
5/14/2015,1329,26,307,aut26,3
5/21/2015,1330,26,307,aut26,1
5/28/2015,1331,26,307,aut26,7
6/4/2015,1332,26,308,aut26,0
6/11/2015,1333,26,308,aut26,3
6/18/2015,1334,26,308,aut26,4
6/25/2015,1335,26,308,win26,3
7/2/2015,1336,26,309,win26,3
7/9/2015,1337,26,309,win26,0
7/16/2015,1338,26,309,win26,0
7/23/2015,1339,26,309,win26,0
7/30/2015,1340,26,309,win26,2
8/6/2015,1341,26,310,win26,0
8/13/2015,1342,26,310,win26,1
8/20/2015,1343,26,310,win26,0
8/27/2015,1344,26,310,win26,1
9/3/2015,1345,26,311,win26,0
9/10/2015,1346,26,311,win26,10
9/17/2015,1347,26,311,win26,56
9/24/2015,1348,26,311,spr27,5
10/1/2015,1349,26,312,spr27,11
10/8/2015,1350,26,312,spr27,4
10/15/2015,1351,26,312,spr27,12
10/22/2015,1352,26,312,spr27,53
10/29/2015,1353,26,312,spr27,41
11/5/2015,1354,26,313,spr27,21
11/12/2015,1355,26,313,spr27,36
11/19/2015,1356,26,313,spr27,39
